,Country,Country_codes,Year,Population,Gini_Index,Average Income (USD),Top 10% Income Share (%),Bottom 10% Income Share (%),Income Group
0,United States,USA,2000,30072337,0.3331052401870229,37106.73553599196,30.78094564991837,1.0963288689603452,High Income
1,United States,USA,2001,15189465,0.5087613469157066,16250.105074686931,54.56347518773506,1.441727850579345,Low Income
2,United States,USA,2002,89001835,0.2290931567085675,40069.586398757485,37.20066628313698,1.374502232375996,High Income
3,United States,USA,2003,297595139,0.230673393004565,1233.4699952974554,40.45324636957468,4.493423791131903,Lower Middle Income
4,United States,USA,2004,23680558,0.544657497411952,22950.24806138816,45.34365958582801,3.250804598463562,High Income
5,United States,USA,2005,102682227,0.3741034664951178,68442.23391481877,38.24640794579403,3.225451538667542,Upper Middle Income
6,United States,USA,2006,12071500,0.4227329792524335,12117.619187805996,20.372505606660933,2.406539441846828,High Income
7,United States,USA,2007,12237449,0.5015498776021552,7545.0469512272275,59.20899510715455,2.009907724040699,Lower Middle Income
8,United States,USA,2008,36032296,0.240045317449634,66697.83488869396,58.4765688900051,1.1975273867549214,Lower Middle Income
9,United States,USA,2009,249635777,0.338180844110205,45702.22459212712,35.23145755792741,1.902283215469032,Low Income
10,United States,USA,2010,73966808,0.4829540797121206,34047.402969926894,46.71160012502034,4.021268208983381,Low Income
11,United States,USA,2011,297467929,0.2532693387515383,61827.06424018384,24.15943650474873,2.0616952764587264,High Income
12,United States,USA,2012,172936672,0.5545055550076647,69732.71262157579,24.293290166347425,4.1170447045861565,High Income
13,United States,USA,2013,7756519,0.4893101833492585,63671.53730516369,49.37304836027376,2.5270901180454195,Upper Middle Income
14,United States,USA,2014,76391581,0.311225374493348,5107.840388022477,54.96948886201242,2.9478634055573765,Low Income
15,United States,USA,2015,293918826,0.4337254059592998,55019.79385042485,20.142118846116517,2.481316451608729,Lower Middle Income
16,United States,USA,2016,181468733,0.3126985636942234,60908.04960841475,43.90035359229256,3.221918718042771,Lower Middle Income
17,United States,USA,2017,149724729,0.4166993317251721,30294.008349112068,29.34601078582699,1.458458710914631,Low Income
18,United States,USA,2018,169925740,0.3178231938331004,13504.42602217655,35.35625194052277,4.901780141487368,Low Income
19,United States,USA,2019,127984406,0.2147068218123479,17780.038318272866,41.45400523445053,4.343832592197286,High Income
20,United States,USA,2020,62925673,0.3849467536683992,43589.33579369067,22.87046994411204,2.4479617927396387,Lower Middle Income
21,United States,USA,2021,341744580,0.604786096831604,58623.76841789528,46.03372757352536,1.2907521185959543,Low Income
22,United States,USA,2022,98758611,0.3524372211442452,8918.425828623669,25.20546634462489,3.5735286181723054,Low Income
23,United States,USA,2023,253261013,0.4544121296559476,58864.345034106,55.169908044375966,1.082057139398818,Lower Middle Income
24,India,IND,2000,43431525,0.2932446424167425,28036.1058196862,40.38898746401432,4.784529082713614,Upper Middle Income
25,India,IND,2001,107388316,0.6293143270533464,3073.3782519960982,37.7192970655944,1.944926675463912,Low Income
26,India,IND,2002,68695029,0.3521773589681045,48126.49719220786,52.26064478292697,4.4358959649782825,Low Income
27,India,IND,2003,223780861,0.3209586429972125,22025.16648229405,46.38807259394376,4.114987241816552,Upper Middle Income
28,India,IND,2004,44849021,0.226336488483158,29734.99785450689,26.029489963019397,1.8610025380481416,Low Income
29,India,IND,2005,79830236,0.6160213361875634,61976.6258098783,52.72503416754453,2.358824077145302,Upper Middle Income
30,India,IND,2006,258667151,0.2691696490283201,48478.23100524126,20.68087047254652,3.662832218326225,Upper Middle Income
31,India,IND,2007,334195724,0.2099147919073524,9404.80316480118,47.4335546443094,1.8554062640490527,Low Income
32,India,IND,2008,193910247,0.3179914163096808,22372.85148165633,48.20771981385575,1.2111465400292616,High Income
33,India,IND,2009,311089564,0.4576042188232583,24083.46882292668,48.13169579876438,4.362971713106705,Lower Middle Income
34,India,IND,2010,37209823,0.4212682003650029,53157.15386192226,43.27380529401025,4.079597997782429,High Income
35,India,IND,2011,244260718,0.5008682197749921,5207.7685443439,25.41568189220433,3.689136429374984,Low Income
36,India,IND,2012,288327384,0.6285803281116806,6934.132721020367,44.05692771344802,3.1268286221140627,Upper Middle Income
37,India,IND,2013,59909873,0.4652578672610568,1833.4319735857923,38.49213049439794,1.437148353644322,Low Income
38,India,IND,2014,222608132,0.2653490996837278,21317.311154462328,48.01101431585283,2.1494742863354683,High Income
39,India,IND,2015,5938668,0.2867707797577425,10797.627054340035,59.55942173361932,1.865265363546268,Lower Middle Income
40,India,IND,2016,238406949,0.2122005565567253,55753.544562954936,39.20510819377382,2.6565686506489943,Lower Middle Income
41,India,IND,2017,127635927,0.332418583912355,63876.61441872696,55.16691766515291,4.727352784279034,Low Income
42,India,IND,2018,185591199,0.36175420466561,69106.96568172026,38.69678482728503,2.11783905171742,High Income
43,India,IND,2019,191752879,0.2023972907944161,38893.378363792894,44.56897770603764,4.075205505322551,High Income
44,India,IND,2020,178534033,0.5762765468161071,50662.783297376816,38.41522948048612,1.7547504089992612,Upper Middle Income
45,India,IND,2021,188608292,0.5047153230158506,39024.09714229444,58.51246212342466,3.454091787835248,Low Income
46,India,IND,2022,170965875,0.5230447880732216,67030.93034497915,24.02190893170232,2.353912053113826,Upper Middle Income
47,India,IND,2023,225998047,0.6205491347778558,62898.34019090723,43.86277078858468,4.175110926532832,Upper Middle Income
48,Brazil,BRA,2000,93525256,0.5445851416650389,18954.395103530227,51.13898550938332,2.998855032795112,Lower Middle Income
49,Brazil,BRA,2001,137409895,0.4157192504535987,19002.94775007284,27.728401966719595,3.785641457596727,Lower Middle Income
50,Brazil,BRA,2002,219377972,0.4187259052502932,47250.5352506234,49.89192187214872,2.2728378671840224,High Income
51,Brazil,BRA,2003,260193288,0.2965472390242214,67807.97939449183,25.47407711510691,3.0008077391481067,High Income
52,Brazil,BRA,2004,10134125,0.2365968459466682,31560.71793389259,36.63824391411922,3.832267619210345,Low Income
53,Brazil,BRA,2005,335779016,0.5997601757360022,22658.905638655822,23.379108746287542,4.832540865236556,Low Income
54,Brazil,BRA,2006,85174058,0.5006260017681718,3541.0455993330597,32.752528516460366,3.058232526552784,High Income
55,Brazil,BRA,2007,321507436,0.4510875340021527,16544.705305522744,25.124672601319823,1.7939086529432426,Lower Middle Income
56,Brazil,BRA,2008,160642132,0.5316441457095018,50266.48328839037,50.47689323029913,4.51285982542438,Low Income
57,Brazil,BRA,2009,281958236,0.6106190039871481,65707.14020251855,33.40073742875409,1.1418685057872553,High Income
58,Brazil,BRA,2010,287120431,0.3084191670148222,34696.16829062319,55.95739344985641,3.363712161212098,High Income
59,Brazil,BRA,2011,5493471,0.2993207020014585,48859.68171359443,38.46982366959979,4.303664434747288,Low Income
60,Brazil,BRA,2012,229640099,0.4428344597656195,51210.44644377562,30.477061573491344,2.156946732174414,High Income
61,Brazil,BRA,2013,148172053,0.5657091167579151,8456.357104593073,29.515674240020573,4.043751301536037,Upper Middle Income
62,Brazil,BRA,2014,305714714,0.2655965275425412,18722.283850146687,42.463474812339626,4.883253363209623,Upper Middle Income
63,Brazil,BRA,2015,275874032,0.2705699988306125,60340.78511061643,24.80710480131675,1.669380284334144,Low Income
64,Brazil,BRA,2016,329733049,0.3018105627258173,6883.005893971571,47.04410734016486,3.764717138863666,Upper Middle Income
65,Brazil,BRA,2017,306824701,0.4181464656415989,33031.194236983254,52.8254011895648,1.4204240261762342,Lower Middle Income
66,Brazil,BRA,2018,69902271,0.3404321143275844,20999.40202280053,46.94831000898215,1.055415962318888,High Income
67,Brazil,BRA,2019,329453120,0.4891704413177203,9324.442693061075,47.28692073858297,2.9165593514015606,High Income
68,Brazil,BRA,2020,195057228,0.445538893670504,49528.46810407515,56.41708291160929,1.3223859344091458,Low Income
69,Brazil,BRA,2021,6604029,0.2552253720184509,10839.879169555648,39.64864887988186,3.66841972724513,Upper Middle Income
70,Brazil,BRA,2022,158300830,0.5825266414229948,54914.81217010628,42.08188594856482,3.1767848078302463,Upper Middle Income
71,Brazil,BRA,2023,56450840,0.3313612622584283,48429.067558333554,36.768042835394446,1.966355574503524,Low Income
72,Germany,DEU,2000,226889922,0.6017790932640162,39127.44123236965,39.34768493123828,2.47774377709176,Upper Middle Income
73,Germany,DEU,2001,72413433,0.3145061156810922,51328.0411855075,25.88310425665203,3.386175465682432,High Income
74,Germany,DEU,2002,270637826,0.6308357462979612,48330.94226192313,49.33413223767672,3.6573301861555794,High Income
75,Germany,DEU,2003,164760421,0.3431940276994311,4875.363755703037,51.85116834093715,2.3228608413900345,Upper Middle Income
76,Germany,DEU,2004,211295649,0.4010468963889896,67400.62312572148,47.11042884872633,2.159661701138495,High Income
77,Germany,DEU,2005,231798922,0.6371924900384944,69381.27242316821,35.15260957210643,4.483976202729918,Low Income
78,Germany,DEU,2006,52205589,0.4972560464022636,15930.29786510232,57.33128078829261,1.1721822190192102,Upper Middle Income
79,Germany,DEU,2007,220470684,0.5502874329713913,14623.96151949905,51.78730566519266,3.1525876358227523,Upper Middle Income
80,Germany,DEU,2008,216296778,0.4505653350717344,41058.55851748752,34.280762506207914,4.951110311320862,High Income
81,Germany,DEU,2009,149088616,0.5654927995964398,24723.085090532608,54.21689119297068,3.387210396906108,High Income
82,Germany,DEU,2010,54373053,0.4346485058104403,57435.894023238594,22.02052846382965,1.4432942497532433,Upper Middle Income
83,Germany,DEU,2011,96755642,0.5494227334218416,57912.77730862245,26.86568907521135,1.866316484581364,High Income
84,Germany,DEU,2012,183243437,0.4873994473532017,36633.74093791853,50.817271671639695,4.382071012751995,High Income
85,Germany,DEU,2013,134501554,0.3304047318334266,69704.39163067969,47.520293373111286,2.969049129652201,High Income
86,Germany,DEU,2014,312468439,0.6440249444666646,51765.80055509289,45.89211055344954,1.2346817486964865,High Income
87,Germany,DEU,2015,118663831,0.4041384945770438,10494.780898970155,39.84316496777734,3.2240935213753583,Low Income
88,Germany,DEU,2016,45365130,0.2010203333358485,36124.22825677884,58.34889503550891,2.5039346108490377,Lower Middle Income
89,Germany,DEU,2017,129972450,0.4470985614219577,36892.24596305932,28.35756986796882,1.9813443061928075,Lower Middle Income
90,Germany,DEU,2018,104576256,0.5162917351183464,39487.80076799852,34.44367959667618,3.988734462572031,High Income
91,Germany,DEU,2019,206814497,0.4611999247242191,25472.399555774657,39.47369899856948,4.444589483214134,Low Income
92,Germany,DEU,2020,209829174,0.5434176167107962,56354.7294084066,25.833764791439204,2.6920764884936377,Low Income
93,Germany,DEU,2021,110871647,0.4382943454255933,48077.80527248554,34.10232171833166,3.597259767259504,High Income
94,Germany,DEU,2022,82827615,0.391549623989857,25941.48092575865,41.62226308660468,3.5675857545504144,Low Income
95,Germany,DEU,2023,146444811,0.633543900631536,66369.8511167657,57.80261181235371,4.866636966852529,High Income
96,Nigeria,NGA,2000,302722699,0.3146447579884162,22848.66380239774,37.04572342084057,3.946128051339417,Upper Middle Income
97,Nigeria,NGA,2001,32242628,0.2511032353663349,19753.051072724847,35.25069316063486,3.469692578693384,Low Income
98,Nigeria,NGA,2002,19906678,0.4230045162466203,33409.16779195187,30.12993858095324,4.590659468546937,Upper Middle Income
99,Nigeria,NGA,2003,168754766,0.4652984737831946,43448.25315737855,58.46185173152107,1.4888137201009686,High Income
100,Nigeria,NGA,2004,248007847,0.6283028716104873,61877.8957640114,21.841387034119425,2.093132687735081,Low Income
101,Nigeria,NGA,2005,52267586,0.3247438731029132,68883.93639718529,58.26668906596608,3.730816903437269,Upper Middle Income
102,Nigeria,NGA,2006,348813486,0.518359030462175,4912.475605010184,32.934309833232064,2.788465175661633,Low Income
103,Nigeria,NGA,2007,35727638,0.5543555622234766,28665.96591598092,44.9335629101188,3.243458131127206,Low Income
104,Nigeria,NGA,2008,13891933,0.4420120174614483,12413.326841741502,57.138678587059815,4.379308237212353,Low Income
105,Nigeria,NGA,2009,339373472,0.5433611908199496,7963.868329306588,36.032553429454296,4.32427976238439,High Income
106,Nigeria,NGA,2010,18569278,0.32759537264031,38159.84567132931,42.86316565996559,1.6860768699711968,Low Income
107,Nigeria,NGA,2011,315705178,0.2011444855799446,38174.158876985886,23.534703519162026,4.080385756666638,High Income
108,Nigeria,NGA,2012,290729554,0.382801197174868,33819.357386831725,40.504762653986575,1.4244788189444535,Low Income
109,Nigeria,NGA,2013,172070469,0.6266835104246005,24893.97319979818,29.721077625641268,1.1667475840061527,Upper Middle Income
110,Nigeria,NGA,2014,62180279,0.5741967458589678,18371.257886419917,32.207185762278435,3.5681992469939456,Lower Middle Income
111,Nigeria,NGA,2015,14366784,0.517110246012809,55253.19462552793,57.25362698808533,2.898567522218464,Upper Middle Income
112,Nigeria,NGA,2016,27326266,0.356083375900992,35659.7395604181,21.429429411137008,3.623591340892343,Upper Middle Income
113,Nigeria,NGA,2017,37229959,0.3796834625465425,52632.02335119203,22.54456141588881,3.719069938034203,Lower Middle Income
114,Nigeria,NGA,2018,147620513,0.5209960606070521,23148.305330569343,23.344080943154456,3.627781468285012,Lower Middle Income
115,Nigeria,NGA,2019,209660435,0.2118557859953494,32785.080675083576,28.69560481969901,4.891748193808553,Lower Middle Income
116,Nigeria,NGA,2020,249851048,0.6392173712411013,50101.79284646074,31.00630694978904,2.9931513186985867,High Income
117,Nigeria,NGA,2021,194386460,0.3313401490491687,56419.54034936117,40.3937508813525,1.415374263082419,Lower Middle Income
118,Nigeria,NGA,2022,127938866,0.2016188556269383,25173.91600726318,56.08473186990515,1.6888232745368867,Low Income
119,Nigeria,NGA,2023,310328219,0.4910576953325418,40481.61843502206,36.21739931466837,3.080854014858854,Upper Middle Income
120,China,CHN,2000,73880810,0.3199036164919988,65663.80216663209,23.24210236212894,3.4462456095368443,Lower Middle Income
121,China,CHN,2001,110954710,0.3129374139378309,18800.31756940168,42.32075153230765,4.403082180591977,Upper Middle Income
122,China,CHN,2002,247377146,0.4453072088646902,30826.887083936206,49.79399130591423,3.361080133800592,Lower Middle Income
123,China,CHN,2003,70601778,0.5555309422788366,44309.003884874524,58.66011652177205,2.3282812192572666,Lower Middle Income
124,China,CHN,2004,198087536,0.5417184728918493,7198.585297967813,55.198278263458334,4.637629133570382,Lower Middle Income
125,China,CHN,2005,93908239,0.2798411357431638,10490.416909441155,33.126141893380975,4.237547883933342,High Income
126,China,CHN,2006,237375638,0.3478426122076076,62253.09177699735,28.671928164754306,1.146485174483276,Low Income
127,China,CHN,2007,112569945,0.5824815738839111,54892.24392332402,46.49353854995035,2.043548351448858,Low Income
128,China,CHN,2008,191175403,0.3410405057954637,2486.464353870348,35.153672853654214,2.4114360221405824,High Income
129,China,CHN,2009,234746408,0.2282601686860428,13858.557574410746,53.98652105683296,1.8917896437935575,Lower Middle Income
130,China,CHN,2010,134535180,0.2918472682953668,60498.31647980859,57.06009721789201,1.9298114746954595,Upper Middle Income
131,China,CHN,2011,34074019,0.2670818515721803,67501.71368271981,38.43074362358189,4.482212999324119,High Income
132,China,CHN,2012,277454278,0.4259339499133185,12703.493231644745,50.22999377796639,2.9796302682658,High Income
133,China,CHN,2013,211803935,0.2926118219682245,40540.40196287789,56.28868344603419,3.584451848418664,Low Income
134,China,CHN,2014,244804329,0.3688284661870891,41977.56455262696,55.74187426785255,4.724905462136639,Upper Middle Income
135,China,CHN,2015,313406296,0.2337405023997716,68241.13378639796,41.39288106615128,4.366152295082242,High Income
136,China,CHN,2016,161625118,0.3281294194898375,59246.4637745564,41.638880965070506,2.6615391013783465,Lower Middle Income
137,China,CHN,2017,193192330,0.5764539116486855,11445.85761204629,54.96094679785723,2.2505687523527205,High Income
138,China,CHN,2018,254199787,0.311396476298486,4608.769473491415,29.27633561602335,4.390487943659988,Upper Middle Income
139,China,CHN,2019,213945562,0.3360617052851177,24731.172291157705,36.47952667531536,3.797443374608388,Upper Middle Income
140,China,CHN,2020,343855053,0.4809514322914009,35506.046876566164,33.769664875268,1.7089847995841776,High Income
141,China,CHN,2021,210149205,0.2486405821741503,1731.9685431208254,39.68204488145773,1.9040882258092409,Lower Middle Income
142,China,CHN,2022,103999127,0.5000144488463243,55280.75695859818,41.259617647424136,4.07531887629002,Low Income
143,China,CHN,2023,251205373,0.49134387670606,36335.3235525901,42.02915333823896,1.7129493204429416,Upper Middle Income
144,United Kingdom,GBR,2000,234316070,0.552367516493047,46250.47356693295,45.39164569334064,1.8852568753718224,High Income
145,United Kingdom,GBR,2001,59439660,0.587799740486211,3554.7173450143296,27.357418546550758,4.399101718088373,Lower Middle Income
146,United Kingdom,GBR,2002,211903037,0.2933194340707682,26783.562975365126,37.00322728397824,2.85270919142025,Lower Middle Income
147,United Kingdom,GBR,2003,168131654,0.5986888300280194,16515.09708658851,54.37658751820721,2.8538383622577235,High Income
148,United Kingdom,GBR,2004,21591036,0.5582926811219155,54316.8309909039,46.112579295020375,3.0285864540494223,Low Income
149,United Kingdom,GBR,2005,290405107,0.3777694944201596,20575.80503057198,41.5954701561126,2.702029476949475,Lower Middle Income
150,United Kingdom,GBR,2006,146455983,0.5538658335711967,31650.802373518705,26.261066791577665,1.6383354323469486,Lower Middle Income
151,United Kingdom,GBR,2007,17231386,0.399103276266023,61479.68300711906,21.8353820889053,4.715685018322638,High Income
152,United Kingdom,GBR,2008,112658782,0.4001962124066381,15270.348666543014,28.855627661650416,2.4945982842310737,Upper Middle Income
153,United Kingdom,GBR,2009,342125069,0.5306295962613715,16857.42577908099,31.332370076852165,3.810189192149093,Lower Middle Income
154,United Kingdom,GBR,2010,333752394,0.5416457807988988,64999.164262539496,24.20757787610332,4.382258143335265,Lower Middle Income
155,United Kingdom,GBR,2011,272951834,0.566183550734683,36393.70837039264,25.36594129895039,4.401720394340448,High Income
156,United Kingdom,GBR,2012,120930649,0.442128071951573,30233.585481119742,35.39326017474126,1.708386305735,Lower Middle Income
157,United Kingdom,GBR,2013,231396548,0.2155593565538485,30976.14752104922,45.33966906082066,3.166483849217807,Lower Middle Income
158,United Kingdom,GBR,2014,161938266,0.5655144838727177,66039.0437344744,23.944040250121155,3.75250758285916,Upper Middle Income
159,United Kingdom,GBR,2015,292129624,0.5234857583643041,46549.63099112634,23.64116189434865,2.360388565999889,Upper Middle Income
160,United Kingdom,GBR,2016,67370335,0.5898193848037352,68949.25982213383,25.98552155834197,4.986442618589146,Low Income
161,United Kingdom,GBR,2017,219319827,0.3534083368429673,44309.85879973496,58.78101066609937,3.548178279954515,Upper Middle Income
162,United Kingdom,GBR,2018,272987745,0.2766817101303849,35127.17914244116,20.63326917744956,1.632064906239949,High Income
163,United Kingdom,GBR,2019,75202781,0.5469486056822399,17772.90977053728,56.932751221393765,3.447543648909262,High Income
164,United Kingdom,GBR,2020,266961456,0.3383342624809038,59303.08928534629,49.65416756650505,1.892275518526688,High Income
165,United Kingdom,GBR,2021,153164732,0.4302311198014903,22259.108398575136,30.22571280464588,1.0226577619694357,Upper Middle Income
166,United Kingdom,GBR,2022,192640036,0.4127669006508827,29929.39779952685,56.72144187378552,2.45917294540509,High Income
167,United Kingdom,GBR,2023,346569070,0.298397052202306,13593.318246298088,42.33017145286901,4.151705391755348,Upper Middle Income
168,Russia,RUS,2000,61694501,0.2664762602359213,61769.17426230483,28.26571433204552,2.256301620205373,Upper Middle Income
169,Russia,RUS,2001,337942284,0.5637898946204998,10662.496438970917,45.74098554400053,3.257263037924236,Low Income
170,Russia,RUS,2002,62987676,0.6095322533728473,23152.30572961304,48.95917420534322,4.569081590575348,Lower Middle Income
171,Russia,RUS,2003,121675612,0.5241560336313498,15814.451476195063,48.214498476908346,4.752868485730741,Low Income
172,Russia,RUS,2004,44771526,0.532697268574434,54249.39506863106,38.29019011708354,3.6048299981911263,High Income
173,Russia,RUS,2005,308674921,0.2572285563364679,69228.67726259473,43.66118809538331,3.8893106018331447,Lower Middle Income
174,Russia,RUS,2006,24699414,0.4529591614270931,30323.06896949462,26.973519104484133,4.933014247145055,Lower Middle Income
175,Russia,RUS,2007,177125722,0.4320535198587647,58695.72274321174,50.09336875709599,3.832684975115086,Upper Middle Income
176,Russia,RUS,2008,264986179,0.5381822110128969,22662.4140747818,39.10758395013157,4.453754977795163,High Income
177,Russia,RUS,2009,347898848,0.4353765903611377,24654.42832498342,53.57715176511506,1.9554069004548216,Lower Middle Income
178,Russia,RUS,2010,179369977,0.5007130076693869,57422.49176232862,42.25665480351973,3.119782314969527,High Income
179,Russia,RUS,2011,186015562,0.2282444273754386,29445.522476509974,43.53785610873203,1.92553589784766,High Income
180,Russia,RUS,2012,22604464,0.5230695255137383,48522.133455471216,54.29540876469172,4.867770916156845,High Income
181,Russia,RUS,2013,145148039,0.3722097092172193,7518.976527205029,31.426718838849187,2.5297632325428445,Lower Middle Income
182,Russia,RUS,2014,123990657,0.4133649195983579,29097.07028826764,24.69590569062001,4.538511740831603,Upper Middle Income
183,Russia,RUS,2015,295217705,0.4429415721726634,7970.277964312519,59.93916812011683,4.497758299557287,Lower Middle Income
184,Russia,RUS,2016,185042229,0.2662662768213819,65712.51797553254,57.90929738202514,4.86052922842346,Upper Middle Income
185,Russia,RUS,2017,195481950,0.4493065167692276,49666.15973778607,41.70620148298968,2.0789329541655097,Lower Middle Income
186,Russia,RUS,2018,281186938,0.3769372695136834,37267.07756328465,29.054749087639724,3.599625873313989,Low Income
187,Russia,RUS,2019,249129185,0.6167304091145367,22994.250269586824,44.60047311467262,2.857489468200125,High Income
188,Russia,RUS,2020,21354867,0.3704356994956388,20044.275229830426,46.29412693846802,2.128448445532735,Low Income
189,Russia,RUS,2021,108900083,0.2373147569934619,44911.94585097258,56.3726998642249,2.904300333680748,High Income
190,Russia,RUS,2022,346630522,0.3207206198350315,19456.124058651298,28.590549583425524,2.9107358962433083,High Income
191,Russia,RUS,2023,168866843,0.3510277825341195,50681.533485784246,22.8137191975804,3.193269077447835,Lower Middle Income
192,Japan,JPN,2000,167865327,0.2789523989483369,49518.83334451879,58.74331341140589,3.63995020811206,Low Income
193,Japan,JPN,2001,232301573,0.635745561034281,12581.83052335891,34.70653987954609,1.7030552156415824,Low Income
194,Japan,JPN,2002,8704917,0.6452613047034499,64479.937785178925,41.0693392418973,4.263540415565524,Low Income
195,Japan,JPN,2003,121119256,0.3686426023973554,27304.584249359603,22.56861302942904,4.787357966423945,Lower Middle Income
196,Japan,JPN,2004,30561711,0.4642171472806983,16945.46448246646,23.699762433383093,4.39108719842582,Upper Middle Income
197,Japan,JPN,2005,113803878,0.3678135598350258,62458.07967685221,59.92450327387437,1.445241598228248,Upper Middle Income
198,Japan,JPN,2006,349176812,0.5742215548206833,46523.3774023848,39.62759824386161,2.288015784164698,Low Income
199,Japan,JPN,2007,166540585,0.3730017199671756,24991.460763666622,50.92827705619556,2.006831837658034,Low Income
200,Japan,JPN,2008,21240082,0.4563581354312482,10173.94724667415,49.713912189319245,4.77287903903033,High Income
201,Japan,JPN,2009,117895630,0.4897348418315837,8452.336729847015,23.262135461663025,2.86050483480129,Upper Middle Income
202,Japan,JPN,2010,72601258,0.4796151998692675,55328.73776286819,23.34430601190733,4.248559065243404,High Income
203,Japan,JPN,2011,325194040,0.2188918145554733,24801.305578327057,38.45110063845194,2.0584741165591187,Low Income
204,Japan,JPN,2012,101031220,0.4049015430258712,48198.12327773395,50.004638054492375,1.2536033024963866,Lower Middle Income
205,Japan,JPN,2013,339329553,0.2713160390212338,29668.37184056077,48.36305300449407,2.750698436908216,Upper Middle Income
206,Japan,JPN,2014,63683985,0.4008846433054439,66527.10320737975,54.94830758378426,1.139053807002934,Upper Middle Income
207,Japan,JPN,2015,126269240,0.3140673142303709,61198.381164235245,31.717902596115817,4.185662956651832,Low Income
208,Japan,JPN,2016,167456071,0.3917211260817737,9017.810996540851,37.911495634094365,4.807783436247699,Upper Middle Income
209,Japan,JPN,2017,54209245,0.5121153905443032,14320.779001386229,51.0119797459904,2.980215137643903,High Income
210,Japan,JPN,2018,343059148,0.5005614660526903,31216.98290322063,38.14688256476409,2.8842777654314538,Upper Middle Income
211,Japan,JPN,2019,156884110,0.5913318603960527,17028.056319122166,36.82942443811764,4.608226281761157,Low Income
212,Japan,JPN,2020,345629247,0.250897231355692,63978.922017606485,31.613249848558592,3.066174190371687,Lower Middle Income
213,Japan,JPN,2021,56657925,0.5308459583917652,1815.6044132128395,34.456925004400816,2.490181047568431,Lower Middle Income
214,Japan,JPN,2022,33536663,0.4176689764369782,27141.122884932625,40.57368780137882,1.9994416229198129,Lower Middle Income
215,Japan,JPN,2023,203341977,0.5393702047538433,63025.98863406992,28.67955293724637,4.381948168384952,High Income
216,South Africa,ZAF,2000,28643552,0.5704453029793928,52012.478218648364,42.258936505732336,3.19554808437214,High Income
217,South Africa,ZAF,2001,84978576,0.2709908849921936,1082.6777840582736,21.74117043843282,1.7180510035410763,Upper Middle Income
218,South Africa,ZAF,2002,299578994,0.2065016735714425,45868.46074823156,55.21208906990707,3.963464985322339,High Income
219,South Africa,ZAF,2003,55414728,0.4759651328816833,33925.70868533466,46.05065148352061,2.2240305102559565,Lower Middle Income
220,South Africa,ZAF,2004,14004304,0.2785980553406736,33933.60456994196,28.61022267603151,2.741516223895065,Lower Middle Income
221,South Africa,ZAF,2005,345482097,0.2099877442061544,38382.73796404303,24.486157942503414,4.274109933920027,High Income
222,South Africa,ZAF,2006,52941162,0.4050334404088146,40535.96093810974,41.68248644377179,3.2861122172061683,High Income
223,South Africa,ZAF,2007,279749318,0.5402849416620269,22080.08649809151,47.81276900539765,2.6692381054668988,Upper Middle Income
224,South Africa,ZAF,2008,284667256,0.3291622291396961,69663.98534236706,46.53998969540129,1.8520457390715,Lower Middle Income
225,South Africa,ZAF,2009,169494954,0.3027877585761428,41980.289979370886,31.37009760949664,3.686189245511728,Low Income
226,South Africa,ZAF,2010,36859402,0.5063982207101523,43036.837482906805,59.237221842769074,1.9088496191537927,Upper Middle Income
227,South Africa,ZAF,2011,246858672,0.5461692251795822,1161.4210506753748,34.418275703191114,3.617951798354819,High Income
228,South Africa,ZAF,2012,173856822,0.6315486162201327,22126.78527517937,57.58815381546168,1.2943776841501542,Lower Middle Income
229,South Africa,ZAF,2013,15423704,0.4438172830036321,68209.91260375462,35.843834554931526,3.6441016414179273,Low Income
230,South Africa,ZAF,2014,110948910,0.366766139862726,14396.99978117002,28.613303048476304,4.881175340946151,Upper Middle Income
231,South Africa,ZAF,2015,219843596,0.3776226667606847,4443.139626308619,30.13425785104716,3.872068964571073,Upper Middle Income
232,South Africa,ZAF,2016,12350423,0.6186571294088061,68033.22976652448,30.986551671438782,3.738989408813653,Lower Middle Income
233,South Africa,ZAF,2017,223700898,0.2689607416402259,43250.37033587888,27.13799994619493,4.037576269982351,Low Income
234,South Africa,ZAF,2018,142431738,0.5039647855295728,64833.51742838424,59.13801777999811,2.4087471588152,Low Income
235,South Africa,ZAF,2019,31800236,0.614774016919214,1031.4591112308883,45.00286291274547,2.8134757156303043,Upper Middle Income
236,South Africa,ZAF,2020,293900945,0.3381009203048551,46989.16867317269,29.89887279843903,1.1595206201218025,Low Income
237,South Africa,ZAF,2021,223322985,0.3577446877346437,46885.98836709484,37.55361134872415,4.746529292477785,Lower Middle Income
238,South Africa,ZAF,2022,185307831,0.4882622882417653,24900.69845471112,53.541196905511626,1.540618395235545,Lower Middle Income
239,South Africa,ZAF,2023,21311510,0.4817288576574705,36462.62897498592,40.20588608500806,4.729326055929638,Lower Middle Income
240,Canada,CAN,2000,18836823,0.4822867346412329,28135.961878946186,31.652145072543657,1.0337124720736206,Lower Middle Income
241,Canada,CAN,2001,315328498,0.4557417993694589,13457.078143432143,29.75367807236252,2.623435902512917,Upper Middle Income
242,Canada,CAN,2002,172800691,0.628327914975521,63847.12406043028,20.731144562414627,2.5367269154373924,Low Income
243,Canada,CAN,2003,5843971,0.597504589021771,28468.647398438014,50.03229870350948,3.651115508354799,Upper Middle Income
244,Canada,CAN,2004,109152316,0.556762986939209,65351.44409563274,53.25439266945557,1.5210827108345368,Low Income
245,Canada,CAN,2005,114104969,0.2499251079872346,69269.50529783007,50.144723815370085,3.4693645928542183,Upper Middle Income
246,Canada,CAN,2006,109345217,0.2554163458743482,6363.645561721035,38.33700013548631,4.408285734752768,Low Income
247,Canada,CAN,2007,132096621,0.5606190575267025,60260.851350449375,50.09734984326336,2.971443181643492,High Income
248,Canada,CAN,2008,199424293,0.2626980315113597,25610.244538545456,52.0000880409726,4.24143033894189,Upper Middle Income
249,Canada,CAN,2009,102520535,0.6112608592377659,40847.04173397263,58.80193992834253,2.388659174100394,High Income
250,Canada,CAN,2010,309071604,0.5055166151913155,20827.981411876317,57.34779163698583,4.386775561116418,Upper Middle Income
251,Canada,CAN,2011,154456583,0.2209616817754617,57150.91545397202,39.21094000854109,1.4453895342229162,High Income
252,Canada,CAN,2012,259463548,0.4289982846282165,26851.011100836997,29.352364847506813,3.812348827525305,Low Income
253,Canada,CAN,2013,270747243,0.3511673578466221,34804.02298104418,31.71467034062107,2.3971158642690784,Lower Middle Income
254,Canada,CAN,2014,269705027,0.536855160736982,51959.68122334107,49.6413400061968,3.380079857847188,Lower Middle Income
255,Canada,CAN,2015,274454947,0.4245419079159085,27377.362092687792,47.43286381170933,3.143436877896772,Lower Middle Income
256,Canada,CAN,2016,311642483,0.6314317874398805,52644.26844969445,56.82262252405985,1.1118212108279923,Upper Middle Income
257,Canada,CAN,2017,17711160,0.2002849402546165,2784.3560540558638,55.74639542635513,2.181300301013734,High Income
258,Canada,CAN,2018,296826011,0.4725529734320269,57427.89030486615,33.68035722463392,2.631023015123421,High Income
259,Canada,CAN,2019,199562384,0.2677474678607103,28234.91477508495,27.651725889632747,1.1435665189009647,Lower Middle Income
260,Canada,CAN,2020,277633294,0.6322099066316224,47427.29053248545,24.40448996569732,4.7793680658441495,Upper Middle Income
261,Canada,CAN,2021,177416741,0.2780411396116197,11049.979618914727,30.62513710475253,4.381725660324962,High Income
262,Canada,CAN,2022,145020118,0.585071055821822,69448.55412666893,48.80692256319048,3.621149226269168,High Income
263,Canada,CAN,2023,330839157,0.5381623903667112,30888.366200064764,35.59024822161099,3.14257740106227,High Income
264,Mexico,MEX,2000,40278636,0.5326475795584936,40402.03292817316,36.36889613442635,1.29710696450144,High Income
265,Mexico,MEX,2001,235406814,0.5564076206759572,4412.25977726227,48.01455316351685,3.969443645745556,High Income
266,Mexico,MEX,2002,76724950,0.5515358106595537,3009.783234883639,50.19123861753731,3.829202002464565,Lower Middle Income
267,Mexico,MEX,2003,75141108,0.4056363525720535,6014.341153647794,41.26704944243335,3.1307151688044264,High Income
268,Mexico,MEX,2004,224513261,0.5660964045396278,33242.74970948469,33.17935303481425,4.817579662222812,Lower Middle Income
269,Mexico,MEX,2005,181085770,0.568392083393045,39327.34603513928,49.83054740596703,1.401408471830027,Upper Middle Income
270,Mexico,MEX,2006,132987882,0.572641082559163,16441.94299229276,59.41175782919114,2.719632734596792,Low Income
271,Mexico,MEX,2007,115859408,0.4307415313057642,1497.7702361596052,54.72341030650105,4.814432583829271,Lower Middle Income
272,Mexico,MEX,2008,224083476,0.4091498799120217,22491.726475328654,57.63088241810759,4.299700085363876,High Income
273,Mexico,MEX,2009,237235961,0.2427961039228447,66466.11065960131,38.16818472964592,1.2419299215286663,High Income
274,Mexico,MEX,2010,77536422,0.5596924420192431,15246.813835591982,20.06309058561165,1.8006631803410893,Low Income
275,Mexico,MEX,2011,47474793,0.2140950121528736,20695.960913468025,58.436767398254574,2.1060829432270936,Low Income
276,Mexico,MEX,2012,226415011,0.3505648488403293,26527.571663852475,31.60814138822342,2.567163011400933,High Income
277,Mexico,MEX,2013,254096675,0.5092753928269812,15884.989752225543,36.39206972320595,2.3488186047996487,High Income
278,Mexico,MEX,2014,17780794,0.5497133686122271,28950.124619112798,57.11718055820836,1.376578761247655,Upper Middle Income
279,Mexico,MEX,2015,9245817,0.4202589214399549,7073.291064163427,31.50163130542644,3.3749311671272144,Upper Middle Income
280,Mexico,MEX,2016,95502150,0.3477538183260816,66211.92938589668,41.41596553848417,2.597175329475682,High Income
281,Mexico,MEX,2017,146913860,0.2761771918189744,41037.4746706206,32.80117281664742,4.074514451164354,Lower Middle Income
282,Mexico,MEX,2018,280459373,0.2455871006818512,2340.6580458123217,46.36737007937332,2.7742492732117,Upper Middle Income
283,Mexico,MEX,2019,283634849,0.4498871315535212,33246.402524789984,51.99147563908113,2.3504320116439663,Lower Middle Income
284,Mexico,MEX,2020,200551120,0.2044168037792424,36959.792054777325,43.20381266811008,3.201398628270405,Low Income
285,Mexico,MEX,2021,267604814,0.3460986664947048,50142.25837933976,42.70981070789568,2.679034119420658,Low Income
286,Mexico,MEX,2022,271776984,0.5441237946027999,45928.76324850115,35.43087620048382,1.8164578074704865,Lower Middle Income
287,Mexico,MEX,2023,145595981,0.5659817104261851,37379.596403806296,23.546321599571023,1.5155105254887888,Upper Middle Income
288,France,FRA,2000,335354742,0.3615199156044677,17278.133988318594,33.01885797539434,1.310796840946955,High Income
289,France,FRA,2001,231617497,0.2507136947915803,54895.961174460695,56.91689174418696,2.616556205500151,High Income
290,France,FRA,2002,14269499,0.4509925361383265,1409.140051201739,56.54525447293948,2.7949889835436945,Low Income
291,France,FRA,2003,43261319,0.3830247481620227,32313.15178342712,32.5767852703873,1.210542590086428,High Income
292,France,FRA,2004,12586565,0.434151367251383,13514.15983518938,31.133550043473104,2.892875302956209,Upper Middle Income
293,France,FRA,2005,348053957,0.5337589670151661,1801.4744377172592,26.88484774867352,2.488329950448566,Low Income
294,France,FRA,2006,273406644,0.2313313662605445,5320.203506035861,22.515245062342963,4.849661118647775,Lower Middle Income
295,France,FRA,2007,79131592,0.441640121016834,20858.42937252049,30.10263634315736,4.429214319366512,Upper Middle Income
296,France,FRA,2008,249046381,0.2281329893501976,52162.76730501051,58.52899631060008,4.7153314568710805,Upper Middle Income
297,France,FRA,2009,8189446,0.374412034811081,48743.07158454409,49.143489739087805,2.9412661069597,Lower Middle Income
298,France,FRA,2010,259653374,0.4193722955734156,3877.5280865752975,27.073063920371816,2.571933126176638,Upper Middle Income
299,France,FRA,2011,56068518,0.3895884779507517,29610.25419523449,40.47466959733905,1.3676498298518245,Lower Middle Income
300,France,FRA,2012,255678781,0.2837324239116806,38363.02406700279,21.802870591361994,4.014170336530409,Low Income
301,France,FRA,2013,51139894,0.6237671618011383,42836.97715668071,38.11259740383242,2.4539030746166475,Low Income
302,France,FRA,2014,233499000,0.5943713626325529,61182.25955537835,57.92709537471235,1.8794545520950328,Upper Middle Income
303,France,FRA,2015,7280546,0.2389897733103582,58589.40342987248,38.40088360813555,3.10731574481026,High Income
304,France,FRA,2016,268620955,0.4939054145719035,29155.542326201,49.13297959136493,3.2581054820666693,Low Income
305,France,FRA,2017,82583930,0.3412455350378728,66326.3539888564,35.79342112935962,2.5852653584852043,High Income
306,France,FRA,2018,226826371,0.6364852374970662,57834.09607755892,35.754286474371575,1.56080565526931,Lower Middle Income
307,France,FRA,2019,291647794,0.598863684293204,9340.248389244474,48.342680469430505,4.726540396128275,Upper Middle Income
308,France,FRA,2020,119724211,0.5329859373742373,54470.16912489832,39.243970181601966,4.050750001642291,Upper Middle Income
309,France,FRA,2021,275538389,0.509046920767199,2769.71692731398,41.93428544306183,4.239842891858907,Low Income
310,France,FRA,2022,182707009,0.2026876435313209,31085.310467680974,57.23546983377953,2.812302631621116,High Income
311,France,FRA,2023,232089401,0.5214894151398983,59280.216408460845,20.053225006745947,2.653215120510543,Upper Middle Income
312,Australia,AUS,2000,189245873,0.3966057546573382,36454.68677470515,49.3794522048329,4.722631334448369,Upper Middle Income
313,Australia,AUS,2001,226136418,0.2694686693726962,16528.542712958762,27.71864477017237,3.45658788661336,Upper Middle Income
314,Australia,AUS,2002,340237597,0.5207147319526648,63372.58813609752,49.50612915336982,3.231760882178348,High Income
315,Australia,AUS,2003,206615078,0.2854947219937822,4642.120003027301,50.51114546345033,1.7320798003605828,Low Income
316,Australia,AUS,2004,152850316,0.4612725194063172,2029.9585544845372,20.593577721700985,1.7771066629765593,Lower Middle Income
317,Australia,AUS,2005,115913633,0.2725678641661558,12318.06632157042,41.12006796995048,4.286371232209948,Upper Middle Income
318,Australia,AUS,2006,229983858,0.5843554172710759,22830.257669962564,50.04192024559202,1.205002445283471,Upper Middle Income
319,Australia,AUS,2007,116089246,0.4027292815432317,34245.47201898592,25.00781206180568,1.0622851922978618,Lower Middle Income
320,Australia,AUS,2008,169127817,0.5386768509895581,19528.13113855837,51.33976936530634,4.406189227266758,Lower Middle Income
321,Australia,AUS,2009,295266806,0.382686409603907,37409.60985851709,48.90420982074439,1.7050267325664938,Lower Middle Income
322,Australia,AUS,2010,197597584,0.5375345175349674,16122.6499621226,51.36709639043814,1.032336286134944,High Income
323,Australia,AUS,2011,115860572,0.5470670662205206,8680.683929016803,51.96124232518269,4.382864862934214,Upper Middle Income
324,Australia,AUS,2012,68425445,0.6396076891135825,27374.494040648024,41.608167168094354,3.2347396100025008,High Income
325,Australia,AUS,2013,118591712,0.3550411320152428,21609.62497029085,31.02262749452542,1.4223279818302874,High Income
326,Australia,AUS,2014,191582727,0.3699148809982805,14226.549577044454,46.24322178141702,1.0982276867575185,Upper Middle Income
327,Australia,AUS,2015,292367359,0.6023452343071939,50289.67825253945,41.54370358460787,1.2718992280371435,High Income
328,Australia,AUS,2016,79837839,0.2818099283054112,18456.74366795024,21.634844259354907,2.844728263007737,High Income
329,Australia,AUS,2017,215793884,0.3741291909669653,56274.087034937285,32.43834815140154,1.5599318038205614,Low Income
330,Australia,AUS,2018,239216253,0.237122425470841,69210.93503292602,55.20001863480922,3.176568561271833,High Income
331,Australia,AUS,2019,331685648,0.6386324620188788,19651.661423827485,40.58815137709094,3.658050325127805,High Income
332,Australia,AUS,2020,228427621,0.6397559967263522,33039.43141037348,46.86891363857298,2.171409705592472,Low Income
333,Australia,AUS,2021,344776267,0.4872777696254009,2811.252964073268,36.649891889712336,4.424334743647531,Lower Middle Income
334,Australia,AUS,2022,336378626,0.3412712090920658,57899.97325883436,30.48887595656733,2.430793975677324,High Income
335,Australia,AUS,2023,210300248,0.5510145540425404,50265.44608250848,52.8151645843981,4.216353541384228,Upper Middle Income
336,Saudi Arabia,SAU,2000,231795311,0.5484997917379404,27746.060975952667,28.106764004506488,2.497387802766725,Upper Middle Income
337,Saudi Arabia,SAU,2001,180618507,0.4046792196306401,62692.77634211765,27.11420970537159,1.105433295391279,Low Income
338,Saudi Arabia,SAU,2002,128462528,0.4007450367269067,37030.37413239532,30.814460129339327,4.7153847688275015,High Income
339,Saudi Arabia,SAU,2003,182848950,0.6422368814299109,55833.54214263424,44.00059430452167,2.51020829395039,Low Income
340,Saudi Arabia,SAU,2004,239577808,0.4553619792046243,20968.5825360611,33.781480395853606,2.8918627702476134,High Income
341,Saudi Arabia,SAU,2005,314269826,0.5955237678522517,61401.17092946364,52.65185971070876,1.1035876210652744,Upper Middle Income
342,Saudi Arabia,SAU,2006,60216359,0.2730135979538994,54291.769750416,41.76091589306637,1.1026179073498938,Upper Middle Income
343,Saudi Arabia,SAU,2007,227014878,0.6146135968233761,34060.77592880791,55.22676787172304,2.470452173886384,Low Income
344,Saudi Arabia,SAU,2008,116288880,0.5815054364497472,35838.04709353446,22.53375810232695,4.274937447150078,Lower Middle Income
345,Saudi Arabia,SAU,2009,260627791,0.603083898603272,38204.98422764152,55.37379687692604,4.1012586174576,High Income
346,Saudi Arabia,SAU,2010,332990983,0.2274312594123847,15707.189656287372,52.2850301859388,2.844345512018729,Lower Middle Income
347,Saudi Arabia,SAU,2011,54328487,0.2098754835076901,23816.233606518555,28.586185576210173,3.5274180531358934,Lower Middle Income
348,Saudi Arabia,SAU,2012,61145125,0.3844490831236332,64331.91690890243,29.36865346658792,4.453813337830312,High Income
349,Saudi Arabia,SAU,2013,329015227,0.3797518514200388,58674.50042879326,59.68908440990045,3.7885524051646566,Lower Middle Income
350,Saudi Arabia,SAU,2014,337173581,0.3295671585778619,45598.054675161606,33.5598379732813,3.5489708519356955,Lower Middle Income
351,Saudi Arabia,SAU,2015,145907545,0.2539878983977073,56968.03070373265,21.62615495821783,1.3463584221222504,Upper Middle Income
352,Saudi Arabia,SAU,2016,149228157,0.4879966809444458,52656.0208514923,30.540255626932872,4.911861232177765,Low Income
353,Saudi Arabia,SAU,2017,276137527,0.4979375775662071,38125.53065213718,21.08878491597924,3.640205984996898,Lower Middle Income
354,Saudi Arabia,SAU,2018,286989011,0.511358427353704,67851.68750991959,20.29904960989773,3.579384416020886,Low Income
355,Saudi Arabia,SAU,2019,76352940,0.2983617556569533,22142.28634544848,27.31693537896636,4.16803021501162,High Income
356,Saudi Arabia,SAU,2020,59947230,0.3009024539871329,23503.2167933524,51.791266449916215,1.8422047458562945,Low Income
357,Saudi Arabia,SAU,2021,8614363,0.4709904173738901,44303.92114240152,24.308290696645948,1.9674559484592755,Low Income
358,Saudi Arabia,SAU,2022,210722601,0.2100656452250586,56770.87096820771,42.414258455397096,2.048774470558686,Low Income
359,Saudi Arabia,SAU,2023,165396943,0.3641566715257589,65251.30876818287,30.817990482453453,2.179214416165834,Lower Middle Income
